title,description,product_type,tags,vendor,price,url,author,pages,format,dimensions
Basiswissen Islam - 4. Auflage,"Kurze Beschreibung: Basiswissen Islam vermittelt kompakt und verständlich die Glaubensgrundsätze und die Praxis nach der Ehlu Sunneh. Dieses hochwertige Hardcover-Buch richtet sich an Kinder, Jugendliche und Neueinsteiger, die eine fundierte Einführung in die islamische Lehre suchen. Lange Beschreibung: ""Basiswissen Islam"" ist ein wertvolles Werk, das die zentralen Aspekte des islamischen Glaubens und der hanefitischen Rechtsschule behandelt. Verfasst von Dr. Dilaver Selvi, bietet das Buch eine übersichtliche Struktur, die sich ideal für Neueinsteiger, Jugendliche und Kinder eignet. Das Buch deckt folgende Themen ab: Glaubensgrundlagen: Der Glaube an Allah, die Engel, die heiligen Schriften und die Propheten. Fünf Säulen des Islam: Gebet (Salah), Reinigung (Tahara), Fasten (Sawm), Pflichtabgabe (Zekah) und Pilgerfahrt (Hadsch). Duas und Suren: Eine Einführung in die wichtigsten Bittgebete und Koranverse. Dieses Buch vereint eine klare Darstellung der islamischen Lehren mit praktischem Nutzen. Es unterstützt Leser dabei, die Grundlagen des Islam zu verstehen und im Alltag anzuwenden. Zielgruppe: Kinder und Jugendliche , die den Islam kennenlernen möchten. Neueinsteiger , die eine verständliche Einführung in die Glaubenslehre suchen. Lehrer , Eltern und Bildungseinrichtungen, die ein strukturiertes Lehrmittel benötigen. Technische Details: Titel: Basiswissen Islam Untertitel: Glaubensgrundsätze und Praxis nach der Ehlu Sunneh Autor: Dr. Dilaver Selvi Verlag: Erol Medien Erscheinungstermin: Oktober 2023 Auflage: 4. Auflage (überarbeitete Ausgabe) Format: Hardcover Seitenanzahl: 152 Seiten Größe: 24,5 x 20,0 cm Gewicht: 525 g ISBN-13: 978-3-95707-198-9 Preis: 15,00 EUR (DE), SEO-Titel: Basiswissen Islam – Einführung in Glauben und Praxis (Hardcover) Meta-Beschreibung: Lernen Sie mit ""Basiswissen Islam"" die Grundlagen des Glaubens und der Praxis nach Ehlu Sunneh kennen. Hochwertiges Hardcover, ideal für Kinder, Jugendliche und Neueinsteiger. Jetzt bestellen! Keywords: Basiswissen Islam, islamisches Lehrbuch, Hardcover Islam, Glaubensgrundlagen, hanefitische Rechtsschule, Duas, fünf Säulen, Neueinsteiger.",Books,"Deutsch. Deutsche Bücher  Bücher auf Deutsch. Deutsche Bücher  Kinderbücher auf deutsch, Deutsche Bücher  Bücher auf Deutsch",Erol Medien Verlag,150,https://semerkandonline.com/products/basiswissen-islam-i-semerkand-online,Dr. Dilaver Selvi,152 Seiten,Hardcover,"24,5 x 20,0 cm"
Quranlesen  leicht gemacht I Lehrbuch mit praktischen Übungen,"Kurze Produktbeschreibung: Erlernen Sie das Lesen des Qurans einfach und effektiv mit dem Lehrbuch Quranlesen leicht gemacht von Eyyüp Beyhan. Mit praktischen Übungen und einem innovativen Ansatz bietet dieses Buch alles, was Sie benötigen, um die Rezitation des heiligen Qurans auf einfache Weise zu meistern. Ideal für Anfänger und fortgeschrittene Lernende. Lange Produktbeschreibung: Ein einfacher Weg, den heiligen Quran zu lesen Der Quran ist das zentrale Buch des Islam und eine Quelle der Führung und Weisheit. Das Buch Quranlesen leicht gemacht von Eyyüp Beyhan wurde entwickelt, um das Lernen der Quran-Rezitation zu erleichtern und Freude daran zu bereiten. Dieses Werk legt besonderen Wert auf praxisorientierte Übungen und eine logische Herangehensweise, damit Schüler aller Altersgruppen den Quran effektiv und nachhaltig erlernen können. Hauptmerkmale: Innovatives Lernkonzept: Verzicht auf reines Auswendiglernen, stattdessen logisches Nachvollziehen der Buchstaben und ihrer Verbindung. Praxisorientierte Übungen: Die Lernmethoden sind darauf ausgelegt, aktiv am Prozess teilzunehmen, mit zahlreichen Beispielen aus dem Quran. Nachhaltiges Lernen: Mit assoziativen Methoden und Schreibübungen bleibt das Gelernte langfristig im Gedächtnis. Flexibler Lehrplan: Schon nach 15 Tagen können Schüler mit der Quran-Rezitation beginnen. Warum dieses Buch? Unterstützt Schüler dabei, den Übergang zum Quranlesen mühelos zu meistern. Bietet Anleitungen, die speziell für die Bedürfnisse von Anfängern und Fortgeschrittenen entwickelt wurden. Perfekt für Kinder und Erwachsene, die den Quran auf eine sinnvolle und freudige Weise lernen möchten. Mit 84 Seiten voller praktischer Inhalte und motivierender Übungen ist dieses Buch eine wertvolle Bereicherung für jeden, der die heilige Schrift auf beste Weise lesen und rezitieren möchte. Autor: Eyyüp Beyhan Themen: Einführung in die Quran-Rezitation, praktische Schreib- und Leseübungen, spirituelles Lernen. Design und Verarbeitung: Modernes und klares Layout, robustes Softcover-Design. Anwendung: Ideal für Quran-Schüler, islamische Schulen, Moscheen oder den privaten Gebrauch. Technische Details: 84 Seiten, Größe 29,7 cm x 21,0 cm. ISBN: 978-3-95707-001-2 SEO-Titel: „Quranlesen leicht gemacht – Einfach und effektiv lernen“ Meta-Beschreibung: Erlernen Sie die Quran-Rezitation auf einfache Weise! Mit dem Buch Quranlesen leicht gemacht von Eyyüp Beyhan erhalten Sie praxisnahe Übungen und eine logische Herangehensweise für nachhaltiges Lernen. Jetzt bestellen! SEO-Keywords: Quranlesen lernen, islamische Bücher, Quran-Übungen, Eyyüp Beyhan, Quran-Rezitation, Arabisch lernen, heiliges Buch",Books,"Deutsch. Deutsche Bücher  Bücher auf Deutsch. Deutsche Bücher  Kinderbücher auf deutsch, Deutsche Bücher  Bücher auf Deutsch, Kampanya",Erol Medien Verlag,50,https://semerkandonline.com/products/quranlesen-leicht-gemacht-lehrbuch-mit-praktisch,Eyyüp Beyhan,84 Seiten,Softcover,"29,7 cm x 21,0 cm"
Muhammed (Sallallahu Aleyhi We Sellem) I Das Siegel Der Propheten,"Produktbeschreibung (kurz): Das Buch ""Muhammed (s.a.w.s.) – Das Siegel der Propheten"" von Mehmet Nalbant bietet einen tiefgründigen Einblick in das Leben des letzten Propheten des Islam. Mit hochwertigem Hardcover, 148 Seiten und beeindruckendem Design eignet es sich perfekt für Leser, die spirituelle Weisheiten und historische Erkenntnisse suchen. Ideal für Muslime, Wissenssuchende und Liebhaber islamischer Geschichte. Produktbeschreibung (lang): Erleben Sie die Lebensgeschichte des Propheten Muhammed (s.a.w.s.) in einer einzigartigen Darstellung. Dieses Buch, verfasst von Mehmet Nalbant, vereint tiefgründige spirituelle Lehren mit historischen Details und beleuchtet die Essenz der islamischen Botschaft. Von der Geburt des Propheten bis zu seinem Abschied gibt das Buch einen Einblick in bedeutende Ereignisse und bietet Inspiration für den Alltag. Mit 148 Seiten und hochwertigem Hardcover ist dieses Werk nicht nur ein wertvolles Wissensarchiv, sondern auch ein ästhetisches Sammlerstück. Jedes Kapitel ist sorgfältig recherchiert und präsentiert, um den Leser auf eine Reise durch das Leben des Propheten mitzunehmen. Es eignet sich hervorragend für Muslime, Studenten islamischer Studien und alle, die ihre spirituelle Verbindung stärken möchten. Produktkategorie: Buch Autor : Mehmet Nalbant Inhalt : Biographie des Propheten Muhammed (s.a.w.s.) mit besonderem Fokus auf seine Rolle als Siegel der Propheten und seine Bedeutung für die islamische Zivilisation. Material und Design : Hardcover mit hochwertigem Papier, übersichtlichem Layout und modernem, eleganten Design. Anwendung und Nutzen : Perfekt für die spirituelle Entwicklung, das Studium des Islam oder als Geschenk für Gläubige und Interessierte. Zielgruppe : Muslime, Studierende islamischer Theologie und Liebhaber islamischer Geschichte. Technische Details : Seitenanzahl: 148 Maße: 23,5 cm x 16,5 cm ISBN-13: 978-3-95707-081-4 SEO-Titel: Muhammed (s.a.w.s.) – Das Siegel der Propheten: Inspirierende Biographie Meta-Beschreibung: Entdecken Sie die faszinierende Lebensgeschichte des Propheten Muhammed (s.a.w.s.) in diesem hochwertigen Hardcover-Buch von Mehmet Nalbant. Jetzt bestellen! SEO-Keywords: spirituelle Bücher, Muhammed Biographie, islamische Geschichte, Hardcover Buch, Prophetenleben, Mehmet Nalbant, Sufismus, Tasawwuf",Books,"Deutsch. Deutsche Bücher  Bücher auf Deutsch. Deutsche Bücher  Kinderbücher auf deutsch, Deutsche Bücher  Bücher auf Deutsch",Erol Medien Verlag,100,https://semerkandonline.com/products/muhammed-sallallahu-aleyhi-we-sellem-i-das-siegel,Mehmet Nalbant,148,Hardcover,"23,5 cm x 16,5 cm"
IHYA'U ULUMIDDIN (TEIL 1) | DAS TOR DES WISSENS,"„IHYA'U ULUMIDDIN (TEIL 1) | DAS TOR DES WISSENS“ ist der erste Band des legendären Werkes Ihya'u Ulumiddin des großen islamischen Gelehrten und Mystikers Imam El-Ghazali (Rahimehullah). Dieses umfassende und zeitlose Meisterwerk bietet eine tiefgründige Untersuchung der Bedeutung und des Wertes von Wissen aus islamischer Perspektive. Es dient als spiritueller Leitfaden für alle, die nach innerer Reinigung und einer tieferen Verbindung zu Allah streben. Imam El-Ghazali widmet sich in diesem Werk der Klassifizierung von Wissen und erklärt die Unterschiede zwischen dem verpflichtenden Wissen ( Fardul-Ayn ), das jeder Muslim erlangen muss, und dem kollektiven Wissen ( Fardul-Kifaye ), das nur von einigen erlangt werden sollte. Er betont die zentrale Rolle des jenseitigen Wissens, das den Weg zu Glück, Glaubensgewissheit und Erlösung weist. Mit Zitaten aus dem Quran und den Überlieferungen des Propheten Muhammad (Sallallahu alayhi wa sallam) beleuchtet Imam El-Ghazali die transformative Kraft des Wissens. Er mahnt jedoch, dass Wissen nicht zur Selbstverherrlichung oder weltlichem Gewinn genutzt werden sollte, sondern allein für das Wohl der Seele und die Annäherung an Allah. Darüber hinaus fordert der Autor zur Läuterung des Herzens, zur Erziehung der Seele und zu aufrichtigen Absichten auf. Diese spirituellen Prinzipien sind essenziell, um das Wissen in seinem höchsten Wert zu begreifen und anzuwenden. Besonderheiten des Buches: Eine leicht verständliche Übersetzung des klassischen Werkes ins Deutsche. Enthält zahlreiche Quranverse und Hadithe, die den Wert und die Würde des Wissens verdeutlichen. Hochwertige Hardcover-Ausgabe mit edlem Design, Lesebändchen und speziellen Druckdetails. Zielgruppe: Dieses Buch richtet sich an alle, die sich für islamische Theologie, Sufismus und Spiritualität interessieren, sowie an Studierende der islamischen Wissenschaften und Gelehrte. Es ist auch ein wertvoller Leitfaden für Muslime, die ihr Leben auf die spirituellen Prinzipien des Wissens und der Läuterung ausrichten möchten. Über den Autor: Imam El-Ghazali (Rahimehullah) gilt als einer der bedeutendsten islamischen Gelehrten und Denker der Geschichte. Sein Werk Ihya'u Ulumiddin ist weltweit bekannt und wird bis heute als einer der wichtigsten Beiträge zur islamischen Theologie, Ethik und Mystik geschätzt.",Books,Deutsch,Erol Medien Verlag,250,https://semerkandonline.com/products/ihyau-ulumiddin-das-tor-des-wissens,Imam Gazali,684,Hardcover,"14,5 x 22 cm"
El-Minhadschu-Seni auf Deutsch | Die Erziehungsmethoden des leuchtenden Pfads,"El-Minhadschu-Seni auf Deutsch | Die Erziehungsmethoden des leuchtenden Pfads von Scheykh Seyyid Abdulhakim El-Huseyni Kurze Beschreibung: Ein einzigartiges Werk zur Vertiefung des Verständnisses des Tasawwuf und der Erziehungsmethoden der Naqschibendiyye. In hochwertigem Kunstleder mit Goldprägung und klarer Sprache präsentiert, bietet es tiefgehende spirituelle Einsichten für Suchende. Ideal für Leser, die spirituelle Weisheiten schätzen und sich von islamischer Gelehrsamkeit inspirieren lassen möchten. Lange Beschreibung: Tauchen Sie ein in die Welt des Tasawwuf mit El-Minhadschu-Seni , einem außergewöhnlichen Werk von Scheykh Seyyid Abdulbaqi El-Huseyni. Dieses Buch liefert nicht nur eine detaillierte Definition des Tasawwuf, sondern erläutert auch die wichtigsten Methoden und Verhaltensregeln der Naqschibendiyye-Tariqa. Mit Beweisen aus dem Koran, der Sunna und den Aussagen der Gelehrten entkräftet es Zweifel, klärt Missverständnisse und gibt wertvolle Antworten auf kritische Fragen. Die hochwertigen Materialien – geprägtes Kunstleder, Elfenbeinpapier und eine elegante Goldverzierung – unterstreichen die Bedeutung dieses Buches. Inhaltlich führt das Werk den Leser durch die Adab des Tewessul, Dhikr, Khatme und Rabita sowie die spirituellen Grundlagen des Tasawwuf. Es ist nicht nur eine Bereicherung für spirituelle Suchende, sondern auch ein zeitloser Begleiter für jeden, der die Essenz islamischer Weisheit ergründen möchte. Autor: Scheykh Seyyid Abdulbaqi El-Huseyni Themen: Tasawwuf, Adab, Naqschibendiyye, islamische Spiritualität Design und Material: Geprägtes Kunstleder mit Goldverzierung, Elfenbeinpapier, Hardcover Anwendung und Nutzen: Ein unverzichtbares Nachschlagewerk für spirituelle Suchende, islamische Gelehrte und jeden, der mehr über den Tasawwuf erfahren möchte. Zielgruppe: Leser islamischer und spiritueller Literatur, Schüler der Tasawwuf-Lehren, Mitglieder der Naqschibendiyye-Tariqa. Technische Details: Seitenanzahl: 858 Format: 19 x 24 cm Sprache: Deutsch Preis: €39,00 Barcode: 9783957072009 SEO-Titel: ""El-Minhadschu-Seni auf Deutsch – Erziehungsmethoden der Naqschibendiyye"" Meta-Beschreibung: ""Erfahren Sie mehr über die spirituellen Weisheiten des Tasawwuf in El-Minhadschu-Seni. Geprägtes Kunstleder, 858 Seiten voller islamischer Lehren. Jetzt entdecken!"" SEO-Keywords: Tasawwuf Buch, Naqschibendiyye Adab, spirituelle Bücher Islam, Scheykh Seyyid Abdulbaqi El-Huseyni, Dhikr und Rabita Buch, Khatme El-Khawadschegan.",Books,"Deutsche Bücher  Bücher auf Deutsch, Gavsi Sani, neuheiten, Tasavvuf",Erol Medien Verlag,450,https://semerkandonline.com/products/el-minhadschu-seni-auf-deutsch-die-erziehungsmethoden-des-leuchtenden-pfads,Scheykh Seyyid Abdulbaqi El-Huseyni (q.s.),858,Thermogeprägtes Leder mit Goldverzierung,17 x 24 cm
Esmaul Husna - Die schönen Namen von Allah,"Kurze Beschreibung: Erleben Sie die spirituelle Tiefe und Weisheit der 99 Schönen Namen Allahs in diesem einzigartigen Werk von Seyyid Abdulqadir Gilani. Dieses Buch verbindet tiefgehende Gebete, inspirierende Reflexionen und den klassischen Stil eines Lobgedichts (Qasida) mit modernem Design. Ideal für jeden, der nach spiritueller Erfüllung sucht. Lange Beschreibung: Tauchen Sie ein in die Bedeutung der 99 Schönen Namen des Erhabenen Allah – „Esma'ul-Husna“. Dieses inspirierende Werk von Seyyid Abdulqadir Gilani, einem der größten islamischen Gelehrten, eröffnet Ihnen eine neue Dimension der Gotteserkenntnis. Die tiefgehenden Bittgebete (Du’a), eingebettet in ein elegantes Lobgedicht, helfen Ihnen, die Namen Allahs nicht nur zu verstehen, sondern auch in Ihrem täglichen Leben anzuwenden. Das Buch wurde mit höchster Sorgfalt aus dem Türkischen übersetzt und bietet eine klare, authentische Darstellung des Originals. Dank der hochwertigen Verarbeitung, einem ansprechenden Layout und klaren Schriftbildern eignet sich dieses Buch perfekt für Ihre persönliche Sammlung oder als Geschenk. Mit „Esma’ul-Husna“ finden Sie eine Quelle der Hoffnung, Inspiration und inneren Ruhe – ein unverzichtbarer Begleiter auf Ihrem spirituellen Weg. Für das Buch: Autor: Seyyid Abdulqadir Gilani (Quddise Sirruhu) Übersetzung und Redaktion: Ali Ihsan Weiger Inhalt: Bittgebete zu den 99 Schönen Namen Allahs, inspiriert von klassischen Qasiden Design: Elegantes Layout, klares Schriftbild, moderner Stil Zielgruppe: Muslime, die ihre Beziehung zu Allah vertiefen möchten, sowie alle Interessierten an islamischer Theologie und Spiritualität Material: Hochwertiges Paperback mit langlebigen Materialien, handlich im Format (Höhe: 19,5 cm, Breite: 13,5 cm) Seitenanzahl: 136 SEO-Titel: Esma’ul-Husna – Die Schönen Namen Allahs | Spirituelles Buch Meta-Beschreibung: Entdecken Sie die Weisheit der 99 Schönen Namen Allahs mit diesem inspirierenden Werk von Seyyid Abdulqadir Gilani. Perfekt für Ihren spirituellen Weg. SEO-Keywords: spirituelle Bücher, Esma'ul-Husna, 99 Namen Allahs, islamische Literatur, Du’a, Tasawwuf, Gebete, Seyyid Abdulqadir Gilani, islamische Spiritualität, Bittgebete, Erol Medien",Books,Deutsche Bücher  Bücher auf Deutsch,Erol Medien Verlag,80,https://semerkandonline.com/products/esmaul-husna-die-schonen-namane-von-allah-2-auflag,Seyyid Abdulqadir Gilani (Quddise Sirruhu),136,Softcover,"19,5 x 13,5 cm"
Frauenfragen zu besonderen Tagen (Hayd. Nifas. Istihade) 2. Auflage,"Kurze Beschreibung: Dieses Buch bietet muslimischen Frauen eine klare und verständliche Anleitung zu den Themen Hayd, Nifas und Istihada. Mit anschaulichen Beispielen, wertvollen Ratschlägen und einem praktischen Menstruationskalender wird ein sensibler Bereich des islamischen Rechts (Fiqh) einfach zugänglich gemacht. Ideal für Frauen, die ihr Wissen vertiefen und ihre religiösen Pflichten korrekt erfüllen möchten. Lange Beschreibung: ""Frauenfragen zu besonderen Tagen"" ist ein unverzichtbares Werk für muslimische Frauen, die sich mit den Themen Menstruation (Hayd), Wochenbett (Nifas) und Zwischenblutungen (Istihada) auseinandersetzen möchten. Dieses Buch klärt anhand detaillierter Erläuterungen, islamischer Quellen und praxisnaher Beispiele die wichtigsten Fragen des Alltags: Wann darf man wieder beten oder fasten? Welche Blutung gehört zu welcher Kategorie? Wie verhält man sich in besonderen Situationen? Die aktualisierte dritte Auflage überzeugt nicht nur durch inhaltliche Präzision, sondern auch durch ein modernes, hochwertiges Design: Ein Hardcover-Einband, farbige Seiten und ein beigefügter Menstruationskalender machen es zu einem ästhetischen und praktischen Begleiter. Der enthaltene Frage-Antwort-Teil dient als wertvolle Wissenskontrolle, während informative Grafiken das Verständnis erleichtern. Ein Buch, das muslimischen Frauen das Leben erleichtert und ihnen hilft, ihre religiösen Verpflichtungen mit Selbstsicherheit zu erfüllen. Ideal für junge Mädchen ab der Pubertät, Mütter nach der Geburt und alle, die ihr islamisches Wissen stärken möchten. Autor: Hasip Asutay Themen: Hayd, Nifas, Istihada, islamisches Fiqh Design: Hardcover mit dekorativem Layout, farbigen Elementen und anschaulichen Grafiken Seitenanzahl: 127 Seiten Maße: 24,0 x 17,0 cm Inhaltliche Schwerpunkte: Kapitel 1: Definition und Details zu Menstruation (Hayd) Kapitel 2: Wochenbett (Nifas) und damit verbundene Fragen Kapitel 3: Zwischenblutungen (Istihada) Kapitel 4: Frage-Antwort-Bereich für Alltagssituationen Kapitel 5: Wissensfragen zur Überprüfung des Gelernten Besonderheiten: Beigefügter Menstruationskalender Überarbeitete Auflage mit neuen Quellenangaben und Korrekturen Modernes und hochwertiges Hardcover-Design Zielgruppe: Frauen und junge Mädchen ab der Pubertät Mütter im Wochenbett Muslimische Frauen, die ihre religiösen Verpflichtungen besser verstehen möchten SEO-Titel: ""Frauenfragen zu besonderen Tagen – Hayd, Nifas, Istihada im Islam"" Meta-Beschreibung: ""Entdecken Sie 'Frauenfragen zu besonderen Tagen' – das umfassende Buch zu Hayd, Nifas und Istihada. Praktische Anleitung für muslimische Frauen mit Menstruationskalender und modernen Designs. Jetzt bestellen!"" SEO-Keywords: spirituelle Bücher, islamisches Fiqh, Hayd, Nifas, Istihada, Menstruationskalender, Frauenfragen, islamische Rechtswissenschaft, muslimische Frauen, religiöse Pflichten, Hardcover-Buch",Books,"Deutsch. Deutsche Bücher  Bücher auf Deutsch. Deutsche Bücher  Kinderbücher auf deutsch, Deutsche Bücher  Bücher auf Deutsch",Erol Medien Verlag,100,https://semerkandonline.com/products/frauenfragen-zu-besonderen-tagen-hayd-nifas-istiha,Hasip Asutay,127,Hardcover,"24,0 x 17,0 cm"
Vom Schönen Charakter Muhammeds (Sallallahu Aleyhi We Sellem),"Kurze Beschreibung: Ein inspirierendes Werk über den edlen Charakter des Propheten Muhammed (Sallallahu aleyhi we sellem). Dieses Buch lädt Muslime dazu ein, seinen vorbildlichen Lebensstil zu erforschen und zu verinnerlichen, um das Heil im Diesseits und Jenseits zu erlangen. Ein unverzichtbarer Begleiter für alle, die ihre spirituelle Reise bereichern möchten. Lange Beschreibung: Entdecken Sie die Schönheit des Charakters des Propheten Muhammed (Sallallahu aleyhi we sellem), der im Quran als das perfekte Vorbild gelobt wird. Dieses Buch bietet tiefgehende Einblicke in seinen großartigen Umgang mit Menschen, seine Weisheit, Bescheidenheit und Gerechtigkeit. Es dient nicht nur als Inspirationsquelle, sondern auch als praktische Anleitung, um den eigenen Charakter zu stärken und ein vorbildliches Leben zu führen. Der Autor, Selim U?ur, hat es verstanden, die Quintessenz des Prophetenlebens in einer klaren und einfühlsamen Sprache zu präsentieren. Mit Bezug auf Quran und Sunna zeigt er auf, wie man Muhammeds Lehren in den Alltag integrieren kann. Warum dieses Buch? Tiefe Weisheit : Der Prophet Muhammed (Sallallahu aleyhi we sellem) wird als Maßstab für vorbildliches Verhalten dargestellt. Spirituelle Reise : Unterstützt Leser dabei, eine engere Verbindung zu Allah und Seinem Gesandten aufzubauen. Praktische Anwendung : Konkrete Ratschläge und Beispiele, die im täglichen Leben umsetzbar sind. Zielgruppe: Dieses Buch richtet sich an alle Muslime, die ihr Leben nach den Lehren des Propheten ausrichten möchten, sowie an Leser, die den spirituellen und ethischen Wert seines Charakters besser verstehen wollen. Hauptmerkmale: Autor : Selim U?ur Softcover, hochwertige Verarbeitung 144 Seiten voller spiritueller Inspiration ISBN-13 : 978-3-95707-196-5 SEO-Titel: Vom Schönen Charakter Muhammeds – Spirituelles Buch über den Propheten (Sallallahu aleyhi we sellem) Meta-Beschreibung: Erforschen Sie den großartigen Charakter des Propheten Muhammed (Sallallahu aleyhi we sellem) in diesem Buch. Perfekt für Muslime, die ihr Leben nach Quran und Sunna ausrichten möchten. SEO-Keywords: spirituelles Buch, Prophet Muhammed, islamisches Buch, Charakterbildung, Quran und Sunna, Sufismus, Softcover-Buch",Books,"Deutsch. Deutsche Bücher  Bücher auf Deutsch. Deutsche Bücher  Kinderbücher auf deutsch, Deutsche Bücher  Bücher auf Deutsch",Erol Medien Verlag,90,https://semerkandonline.com/products/vom-schonen-charakter-muhammeds-sallallahu-aleyhi,Selim U?ur,144,Softcover,"13,5 x 21 cm"
Schah-? Naqschibend (Quddise Sirruhu),"Kurze Beschreibung: Erleben Sie die inspirierende Lebensgeschichte von Schah-i Naqschibend (Quddise Sirruhu), einem der größten Gottesfreunde des Tasawwuf. Dieses Werk führt Sie auf eine spirituelle Reise voller Weisheiten, spiritueller Methoden und außergewöhnlicher Erzählungen – ein unverzichtbares Buch für alle, die sich mit Sufismus und spiritueller Erziehung vertiefen möchten. Lange Beschreibung: Tauchen Sie ein in die spirituelle Welt des Sufismus! „Schah-i Naqschibend (Quddise Sirruhu)“ ist ein einzigartiges Werk, das die Lebensgeschichte eines der einflussreichsten spirituellen Führer der islamischen Geschichte erzählt. Mit großer Präzision und Tiefe hat der Autor, Khadsche Ahmed Bin Ibrahim Bin Allan Es-Siddiqi El-Maliki (Quddise Sirruhu), die Erfahrungen und Erlebnisse von Schah-i Naqschibend sowie seiner Gefährten dokumentiert. Hauptmerkmale: Spirituelle Weisheit: Erfahren Sie mehr über die Methoden, Prinzipien und Feinheiten des Naqschibendiyye-Weges – von der Lehrer-Schüler-Beziehung bis hin zu spirituellen Erziehungswegen. Tiefe Geschichten: Das Buch vereint wundersame Geschichten, die den Charakter und die außergewöhnlichen Taten von Schah-i Naqschibend (Quddise Sirruhu) beleuchten. Inspirierende Lehren: Ein Werk, das die Herzen der Leser mit Liebe, Demut und spiritueller Hingabe erfüllt. Warum ist dieses Buch wichtig? Dieses Buch vermittelt nicht nur Wissen, sondern berührt die Seele. Es richtet sich an Suchende, die tiefer in die Lehren des Tasawwuf eintauchen möchten, und bietet wertvolle Einblicke in den spirituellen Weg der Gottesfreunde. Es ist ein Leitfaden für alle, die innere Erleuchtung und Nähe zu Allah suchen. Design und Verarbeitung: Das Buch besticht durch seine sorgfältige Gestaltung: Hochwertiges Softcover mit einer edlen, floralen Illustration. Kompakte Größe (21 x 13,5 cm) – ideal für unterwegs oder Zuhause. Mit ca. 368 Seiten ein umfassendes Werk voller inspirierender Inhalte. Zielgruppe: Dieses Buch ist ideal für spirituelle Sucher, Sufi-Anhänger und alle, die sich für die tiefgründige Weisheit des Tasawwuf interessieren. Es bietet Orientierung für Menschen, die auf ihrem Weg zu spirituellem Frieden und innerer Harmonie Unterstützung suchen. Autor: Khadsche Ahmed Bin Ibrahim Bin Allan Es-Siddiqi El-Maliki (Quddise Sirruhu) Hauptthemen: Sufismus, spirituelle Erziehung, Lehrer-Schüler-Verhältnis im Tasawwuf, Naqschibendiyye-Tradition. Besonderheiten: Dokumentation der Lebensweise, Wundertaten und Lehren von Schah-i Naqschibend. Technische Details: Softcover, 368 Seiten, 21 x 13,5 cm, ISBN: 978-3-95707-194-1. Verlag: Erol Medien GmbH, erste Ausgabe 2023, Köln. SEO-Titel: „Schah-i Naqschibend – Spirituelle Weisheiten und Tasawwuf-Lehren“ Meta-Beschreibung: Entdecken Sie die Lebensgeschichte von Schah-i Naqschibend (Quddise Sirruhu) – ein spirituelles Werk voller Weisheiten, Wundertaten und Tasawwuf-Lehren. Jetzt erhältlich! SEO-Keywords: spirituelle Bücher, Sufismus, Tasawwuf, Schah-i Naqschibend, Gottesfreunde, islamische Weisheiten, Naqschibendiyye, Softcover Buch",Books,"Deutsch. Deutsche Bücher  Bücher auf Deutsch. Deutsche Bücher  Kinderbücher auf deutsch, Deutsch. Deutsche Bücher  Bücher auf Deutsch. Deutsche Bücher  Kinderbücher auf deutsch. Kinder und Jugend Bücher  Kinderbücher ab 6 - 7, Deutsche Bücher  Bücher auf Deutsch, neuheiten",Erol Medien Verlag,150,https://semerkandonline.com/products/schah-i-naqschibend-quddise-sirruhu,"Bin Allan Es-Siddiqi El-Maliki (q.s.), Khadsche Ahmed Bin Ibrahim",368 Seiten,Softcover,"21 x 13,5 cm"
Wegweiser für den neuen Muslim (neue Auflage),"Kurze Beschreibung: ""Wegweiser für den neuen Muslim"" ist eine wertvolle Einführung in den Islam für Interessierte und Neu-Muslime. Das Buch beantwortet essenzielle Fragen zu Glaube, Anbetung und dem Leben als Muslim. Mit klaren Erklärungen zu den Grundpfeilern des Glaubens, praktischen Anleitungen und spirituellen Aspekten hilft es, den Islam umfassend zu verstehen und in den Alltag zu integrieren. Lange Beschreibung: In einer Zeit, in der sich immer mehr Menschen für den Islam interessieren, bietet ""Wegweiser für den neuen Muslim"" eine fundierte und leicht verständliche Einführung in den Glauben. Autor Ali Ihsan Weiger , selbst ein Konvertit, kennt die Herausforderungen neuer Muslime und beantwortet essenzielle Fragen: Wer ist Allah? Was bedeutet es, ein Muslim zu sein? Wie betet man richtig? Das Buch deckt alle zentralen Glaubensbereiche ab, von den fünf Säulen des Islam über die Grundprinzipien des Iman bis hin zur spirituellen Dimension des Ihsan. Neben theologischem Wissen gibt es auch praktische Hilfestellungen für das alltägliche Leben eines Muslims, sei es im Umgang mit Mitmenschen oder bei der spirituellen Entwicklung. Mit einer klaren Struktur und tiefgehenden Erläuterungen ist dieses Buch der perfekte Begleiter für Neu-Muslime und alle, die ihr Wissen über den Islam vertiefen möchten. Produktdetails: Titel: Wegweiser für den neuen Muslim Autor: Ali Ihsan Weiger ISBN: 978-3-95707-098-2 Verlag: Erol Medien Seitenzahl: 216 Erscheinungsjahr: 2025 (3. Auflage) Format: Hardcover Sprache: Deutsch Maße: 24 cm x 17 cm Gewicht: 470 g Hauptthemen & Inhalt: Grundlagen des Islam: Glaubensbekenntnis, Gebet, Fasten, Zekah, Hadsch Iman: Glaube an Allah, Engel, Bücher, Propheten und das Jüngste Gericht Spirituelle Entwicklung: Herzreinigung, Dhikr, die Kraft des Bittgebets Praktische Lebensführung: Umgang mit Nichtmuslimen, Verhalten in der Öffentlichkeit, Islamophobie Für wen ist dieses Buch ideal? Neu-Muslime, die eine umfassende Einführung in den Islam suchen Interessierte, die mehr über den islamischen Glauben und die Lebensweise erfahren möchten Muslime, die ihr Wissen vertiefen und spirituell wachsen möchten Besonderheiten & Mehrwert: Verständlich & praxisnah – ideal für Einsteiger Strukturierte Inhalte mit fundierten Erklärungen Beantwortet häufige Fragen rund um Glaube und Praxis Praktische Hilfestellung für den Alltag als Muslim SEO-Titel: Wegweiser für den neuen Muslim – Einführung in den Islam für Neu-Muslime und Interessierte Meta-Beschreibung: Entdecken Sie den Islam mit Wegweiser für den neuen Muslim ! Eine leicht verständliche Einführung für Neu-Muslime & Interessierte mit praktischen Tipps und spirituellen Weisheiten. SEO-Keywords: Islam Buch, Einführung Islam, Islam für Anfänger, Neu-Muslim, Islam Grundlagen, Islam verstehen, Islam Konvertiten Buch",Books,"Deutsch. Deutsche Bücher  Bücher auf Deutsch. Deutsche Bücher  Kinderbücher auf deutsch, Deutsche Bücher  Bücher auf Deutsch, Nicht vorrätig, Out of stock",Erol Medien Verlag,200,https://semerkandonline.com/products/wegweiser-fuer-den-neuen-muslim,Ali Ihsan Weiger,216,Hardcover,24 x 17 cm
Vorträge zum Islam | SHEMS VERLAG,"Kurze Beschreibung: Mit „Vorträge zum Islam“ entdecken Sie inspirierende Weisheiten des Tasawwuf zu Geduld, Dankbarkeit, Dhikr und Gotteserkenntnis. Dieses kompakte Buch im praktischen Format (9,5 x 15 cm) umfasst 352 Seiten und ist ein wertvoller Begleiter für spirituelle Suchende, die innere Ruhe und göttliche Nähe suchen. Lange Beschreibung: „Vorträge zum Islam“ ist ein einzigartiges Werk, das die Lehren des islamischen Tasawwuf in moderner und verständlicher Weise vermittelt. Perfekt für spirituelle Reflexion, verbindet dieses Buch traditionelle Weisheiten mit praktischen Lebenshilfen. Einleitung Das Leben ist voller Höhen und Tiefen. In „Vorträge zum Islam“ werden Leser dazu eingeladen, durch Geduld, Dankbarkeit und Gottesgedenken (Dhikr) ihre Seelen zu reinigen und eine tiefere Verbindung zu Allah aufzubauen. Dieses Buch bietet wertvolle Orientierung für den Alltag und stärkt die spirituelle Kraft des Herzens. Hauptmerkmale und Inhalte Autor : Tahir Drees Kapitel : Niyye und Ikhlas (Aufrichtigkeit und Intention) Khawf und Radscha (Furcht und Hoffnung) Sabr und Schukr (Geduld und Dankbarkeit) Weswese und Dhikr (Einflüsterungen und Gottesgedenken) Die segensreichen Monate (Radschab, Schaban und Ramadan) Hadscha und Opferfest Klassische Quellen : Inspiriert von Werken von Imam Al-Ghazali, Scheykh Abdulqadir Isas und anderen Gelehrten. Sprache : Deutsch Seitenanzahl : 352 Seiten Emotionale Verbindung Dieses Buch ist mehr als nur eine Sammlung von Vorträgen. Es lädt dazu ein, das Herz zu läutern, spirituelle Herausforderungen zu meistern und eine tiefere Verbindung zu Allah zu entwickeln. Es bietet Trost in schwierigen Zeiten und inspiriert zu Geduld und Dankbarkeit. Design und Verarbeitung Format : Kompaktes Hardcover (9,5 x 15 cm), ideal für unterwegs. Seitenanzahl : 352 Seiten Gestaltung : Hochwertiges Design mit goldenen Akzenten. Zielgruppe Das Buch richtet sich an Muslime, spirituelle Suchende und alle, die die Lehren des Islam und des Tasawwuf vertiefen möchten. Es ist ideal für persönliches Studium, Studiengruppen oder als Geschenk für Familie und Freunde. Nutzen „Vorträge zum Islam“ hilft Lesern, die Höhen und Tiefen des Lebens durch spirituelle Stärke zu bewältigen. Es bietet wertvolle Einsichten, um Dankbarkeit und Geduld zu üben und eine tiefere spirituelle Verbindung aufzubauen. Technische Details ISBN : 978-3-949657-00-9 Verlag : SHEMS Verlag Erste Auflage : 2021 Druckort : Istanbul, Türkei Größe : 9,5 x 15 cm Seitenanzahl : 352 Seiten SEO-Titel „Vorträge zum Islam – 352 Seiten Tasawwuf Weisheiten im kompakten Format (9,5 x 15 cm)“ Meta-Beschreibung Entdecken Sie „Vorträge zum Islam“: 352 Seiten inspirierender Weisheiten zu Geduld, Dankbarkeit und Dhikr im praktischen 9,5 x 15 cm-Format. Ein spirituelles Meisterwerk. SEO-Keywords spirituelle Bücher, Tasawwuf, Islam, Dhikr, Geduld und Dankbarkeit, islamische Weisheiten, Vorträge zum Islam, Sufismus, kompaktes Buch, Niyye und Ikhlas",Books,"Deutsche Bücher  Bücher auf Deutsch, Islamische Bücher Fachbücher",Shems Verlag,150,https://semerkandonline.com/products/vortraege-zum-islam,Tahir Drees,352 Seiten,Hardcover,"9,5 x 15 cm"
Halal und Haram | Erlaubtes Und Verbotenes Im Islam,"Kurze Beschreibung: Was ist Halal, was ist Haram? Dieses Buch liefert fundierte Antworten auf eine der zentralsten Fragen im Islam. Basierend auf Quran und Sunna klärt es Missverständnisse und gibt praktische Anleitungen für den Alltag. Lange Beschreibung: Dieses Buch ist eine unverzichtbare Quelle für Muslime, die Klarheit über Halal und Haram im islamischen Recht suchen. Es behandelt detailliert die wichtigsten Rechtsurteile zu alltäglichen Themen wie Ernährung, Kleidung, Finanzen und sozialem Verhalten. Mit Verweisen auf den Edlen Quran und die Sunna des Propheten (s.a.w.) werden Missverständnisse ausgeräumt und Leser in ihrer religiösen Praxis gestärkt. Von der rituellen Schlachtung bis hin zu finanziellen Transaktionen – dieses Werk gibt eine klare Orientierung für ein islamisch konformes Leben. Mit 144 Seiten bietet es eine umfassende Analyse und beantwortet häufige Fragen zu moralischen und ethischen Aspekten im Islam. Ein Muss für alle, die ihr Wissen vertiefen und bewusster nach den Prinzipien von Halal und Haram leben möchten. Zielgruppe: ?? Muslime, die sich intensiv mit islamischen Geboten und Verboten beschäftigen möchten ?? Islamwissenschaftler und Studierende religiöser Studien ?? Familien, die Halal-Prinzipien in ihrem Alltag umsetzen wollen Autor: Harun Re?it ?ahin ISBN-13: 978-3-95707-048-7 Verlag: Erol Medien Erscheinungsjahr: 2018 Seitenzahl: 144 Format: Paperback (Softcover) SEO-Optimierung: SEO-Titel: Halal und Haram im Islam – Was ist erlaubt, was verboten? Meta-Beschreibung: Erfahren Sie in diesem Buch, was Halal und Haram im Islam bedeutet. Basierend auf Quran und Sunna liefert es klare Anleitungen für den Alltag. SEO-Keywords: Halal, Haram, islamische Gebote, Quran, Sunna, islamische Ethik, Halal-Finanzen",Books,"Deutsch. Deutsche Bücher  Bücher auf Deutsch. Deutsche Bücher  Kinderbücher auf deutsch, Deutsche Bücher  Bücher auf Deutsch",Erol Medien Verlag,100,https://semerkandonline.com/products/halal-und-haram,Harun Re?it ?ahin,144,Softcover,"21,0 cm x 14,8 cm"
Büyük ?slam ?lmihali | Ömer Nasuhi Bilmen,BÜYÜK ?SLÂM ?LM?HAL? Ülkemizin seçkin din âlimlerinden ve Diyanet ??leri eski ba?kanlar?ndan merhum Ömer Nasuhi Bilmen hocan?n me?hur eseri. Y?llard?r içerdi?i bilgilerle insan?m?z?n dini konularda ayd?nlanmas?n? sa?layan bu eser. yeniden gözden geçirildi. Dipnotlarla desteklendi. Teknik tasar?m?na özen gösterildi. Dili günümüz insan?n?n anlayaca?? titizlikle haz?rland?.. Teknik Özellikler; Sayfa Say?s?: 624 Ebat: 17 X 24 cm Dil: Türkçe Cilt Tipi: Ciltli - Sert Kapak Ka??t Tipi: Kitap Ka??d?,Books,F?k?h,Semerkand Yay?nlar?,260,https://semerkandonline.com/products/buyuk-i?slam-i?lmihali-omer-nasuhi-bilmen,,,,
Die Gefährtinnen Muhammeds (Sallallahu Aleyhi We Sellem),"Kurze Beschreibung: Ein inspirierendes Buch über die bemerkenswerten Frauen, die den Propheten Muhammad (Sallallahu Aleyhi we Sellem) begleiteten. Mit Geschichten voller Weisheit, Mut und Loyalität dient es als Vorbild für muslimische Frauen jeden Alters. Perfekt für alle, die spirituelle Stärke und historische Einblicke suchen. Lange Beschreibung: Tauchen Sie ein in die faszinierende Zeit des „Zeitalters der Glückseligkeit“ (Asr es-Sa’adeh), in der die Gefährtinnen des Propheten Muhammad (Sallallahu Aleyhi we Sellem) eine zentrale Rolle spielten. Dieses Buch beleuchtet das Leben und die außergewöhnlichen Taten dieser Frauen, die nicht nur Ehefrauen, Mütter und Töchter waren, sondern auch als Lehrerinnen, Geschäftsfrauen und Vorbilder agierten. Die Autorin Zehra Korkmaz schildert mit einfühlsamer Sprache die Schicksale und Tugenden dieser bemerkenswerten Persönlichkeiten. Von ihrer Loyalität und Standhaftigkeit bis hin zu ihrer Schicksalsergebenheit – ihre Geschichten sind zeitlos und inspirierend. Diese Frauen waren nicht nur ein Beispiel für ihre Zeitgenossen, sondern auch für heutige Leserinnen und Leser, die nach innerer Stärke und spiritueller Orientierung suchen. Ideal für alle, die sich mit der islamischen Geschichte, den Vorbildern des Propheten und der spirituellen Weisheit auseinandersetzen möchten. Mit 216 Seiten, Softcover und einem ansprechenden Layout ist dieses Buch nicht nur inhaltlich wertvoll, sondern auch ein ästhetisches Lesevergnügen. Produktkategorie: Buch Titel: Die Gefährtinnen Muhammeds Autorin: Zehra Korkmaz Themen: Islamische Geschichte, Spiritualität, Vorbilder für muslimische Frauen Seitenzahl: 216 ISBN-13: 978-3-95707-199-6 Verlag: Erol Medien Sprache: Deutsch, Türkisch Produktform: Softcover Hauptmerkmale: Spirituelle Tiefe: Enthüllt die Weisheiten der Gefährtinnen, die eine zentrale Rolle in der islamischen Geschichte spielten. Historische Bedeutung: Einblick in das Leben der bemerkenswerten Frauen, die eng mit dem Propheten verbunden waren. Inspirierende Geschichten: Mut, Loyalität und Standhaftigkeit – Werte, die zeitlos und universell anwendbar sind. Design und Verarbeitung: Ein hochwertiges Softcover-Format (21 x 13,5 cm), das angenehm in der Hand liegt. Das blumige Coverdesign unterstreicht die Sanftheit und Schönheit der Inhalte. Anwendung und Nutzen: Dieses Buch ist eine wertvolle Lektüre für muslimische Frauen, islamische Geschichtsinteressierte und alle, die auf der Suche nach spiritueller Inspiration sind. Es dient als Begleiter auf dem Weg zu mehr innerem Frieden und spiritueller Tiefe. Zielgruppe: Frauen, die sich mit Vorbildern aus der islamischen Geschichte identifizieren möchten. Leser, die nach spirituellen Lehren und historischen Einblicken suchen. Muslimische Familien, die nach authentischen Geschichten für den Bildungsweg ihrer Kinder suchen. Technische Details: Maße: 21 x 13,5 cm Erscheinungsjahr: Oktober 2023 SEO-Titel: „Die Gefährtinnen Muhammeds – Inspirierende Geschichten aus der islamischen Geschichte“ Meta-Beschreibung: Entdecken Sie die Geschichten der bemerkenswerten Frauen, die den Propheten Muhammad (Sallallahu Aleyhi we Sellem) begleiteten. Ein Buch voller Weisheit, Mut und spiritueller Tiefe. SEO-Keywords: spirituelle Bücher, islamische Geschichte, muslimische Frauen, Vorbilder im Islam, Prophet Muhammad, Asr es-Sa’adeh, Gefährtinnen, Weisheit, Softcover Buch, Erol Medien",Books,"Deutsch. Deutsche Bücher  Bücher auf Deutsch. Deutsche Bücher  Kinderbücher auf deutsch, Deutsche Bücher  Bücher auf Deutsch",Erol Medien Verlag,120,https://semerkandonline.com/products/die-gefahrtinnen-muhammeds-sallallahu-aleyhi-we-se,Zehra Korkmaz,216,Softcover,"21 x 13,5 cm"
Miftah el-Dschenneh | Der Stellenwert Der Sunneh Im Islam,"Kurze Beschreibung: Entdecken Sie mit ""Miftah El-Dschenneh"" von Dschelaluddin Es-Suyuti die zeitlose Bedeutung der Sunneh im Islam. Dieses Werk beleuchtet die Methodenlehre der Hadith-Wissenschaften und widerlegt historische wie moderne Kritikpunkte mit überzeugenden Beweisen. Ein Must-Read für alle, die den Islam und die Sunneh tiefer verstehen möchten. Lange Beschreibung: „Miftah El-Dschenneh – Der Stellenwert der Sunneh im Islam“ ist ein unverzichtbarer Klassiker der islamischen Literatur, geschrieben von Dschelaluddin Es-Suyuti, einem der bedeutendsten Gelehrten der Hadith-Wissenschaften. Das Buch widmet sich der tiefen Bedeutung der Sunneh für das Verständnis des Edlen Qur’an und des Islam. Es widerlegt detailliert die Sunneh-Kritik und beleuchtet die Ursprünge dieser Kritik, die bis heute präsent sind. Mit fundierten Argumenten und Beispielen aus dem Leben des Propheten Muhammad (?) und seiner Gefährten liefert Es-Suyuti einen wichtigen Beitrag zur islamischen Gelehrsamkeit. Dieses Werk richtet sich an alle, die ihre Kenntnisse der Hadith-Wissenschaften erweitern, ihre Liebe zur Sunneh vertiefen und das Wesen des Islam besser verstehen möchten. Produktkategorie: Buch Hauptmerkmale: Autor: Dschelaluddin Es-Suyuti (1445–1505) Thema: Methodenlehre der Hadith-Wissenschaften und Sunneh-Verständnis Sprache: Deutsch Softcover, 174 Seiten, leicht und handlich (165 g) ISBN: 978-3-95707-100-2 Design und Verarbeitung: Ein hochwertiges Softcover-Design mit einer eleganten, islamischen Ornamentik. Das Buch ist in klarer, gut lesbarer Schrift gestaltet und bietet ein modernes Layout, das den klassischen Inhalt optimal präsentiert. Anwendung und Nutzen: Dieses Buch liefert nicht nur wissenschaftliche Beweise gegen Sunneh-Kritik, sondern stärkt auch das Bewusstsein für die Wichtigkeit der Sunneh im Alltag eines Muslims. Es hilft Lesern, ihre spirituelle Verbindung zu festigen und den Islam auf einer tieferen Ebene zu verstehen. Zielgruppe: Studierende und Lehrende der islamischen Theologie Muslime, die sich mit Hadith und Sunneh beschäftigen möchten Jede Person, die den Islam und seine Grundlagen fundiert verstehen will Technische Details: Maße: 21 x 13,5 cm Gewicht: 165 g Erscheinungstermin: 04.02.2021 SEO-Titel: „Miftah El-Dschenneh – Sunneh im Islam verstehen | Es-Suyuti“ Meta-Beschreibung: Erfahren Sie die Bedeutung der Sunneh im Islam mit „Miftah El-Dschenneh“ von Es-Suyuti. Ein Klassiker der Hadith-Wissenschaften. Jetzt entdecken! SEO-Keywords: Sunneh verstehen, islamische Bücher, Hadith-Wissenschaft, Dschelaluddin Es-Suyuti, Sunneh-Bedeutung, islamische Literatur, Miftah El-Dschenneh, Usul el-Hadith, Prophet Muhammad, Kritik der Sunneh",Books,Deutsche Bücher  Bücher auf Deutsch,Erol Medien Verlag,100,https://semerkandonline.com/products/miftah-el-dschenneh-or-der-stellenwert-der-sunneh,Dschelaluddin Es-Suyuti (1445–1505),174,Softcover,"21 x 13,5 cm"
Ehe und Familie (Hardcover),"2. AUSGABE Kurzbeschreibung: „Ehe und Familie“ ist ein fundierter Ratgeber für alle, die eine Familie gründen oder bereits in einer Ehe leben. Basierend auf dem Edlen Koran, der Sunna des Propheten (s.a.w.) und den Lehren der Rechtschaffenen zeigt Dr. Hüseyin Okur praxisnahe Wege für eine harmonische Ehe und ein stabiles Familienleben. Ein unverzichtbarer Leitfaden für Muslime, die nach einer segensreichen Ehe streben. Lange Beschreibung: Die Ehe ist die Basis der Gesellschaft – eine Institution, die im Islam als heilig und unantastbar gilt. Doch wie kann man eine glückliche Ehe führen und familiäre Harmonie bewahren? Dr. Hüseyin Okur beantwortet diese essenziellen Fragen in seinem Buch „Ehe und Familie“. Dieses Buch bietet praktische Anleitungen und tiefgründige Reflexionen über die Ehe und das Familienleben aus islamischer Perspektive. Mit zahlreichen Belegen aus dem Koran, der Sunna und dem Leben der Gelehrten skizziert der Autor, wie sich künftige Ehepartner auf die Eheschließung vorbereiten sollten, wie sie Liebe und Respekt in der Ehe bewahren und welche Prinzipien für eine erfolgreiche Kindererziehung unerlässlich sind. Hauptthemen des Buches: Die islamische Bedeutung der Familie Vorbereitung auf die Ehe und die ersten Schritte Die Bedeutung von Verlobung und richtige Partnerwahl Eheprobleme vorbeugen und bestehende Konflikte lösen Die Rechte und Pflichten von Eheleuten Die Erziehung von Kindern im islamischen Kontext Anhand anschaulicher Beispiele erhalten Leserinnen und Leser wertvolle Tipps, um potenzielle Probleme zu vermeiden und bestehende Herausforderungen mit Weisheit zu lösen. Die tiefgehenden Analysen und praktischen Ratschläge machen dieses Buch zu einer unverzichtbaren Lektüre für Muslime, die eine segensreiche Ehe und ein harmonisches Familienleben anstreben. Autor: Dr. Hüseyin Okur Seitenanzahl: 160 ISBN: 978-3-95707-158-3 Format: 13,5 x 21 cm SEO-Titel: Ehe & Familie – Islamischer Ratgeber für eine glückliche Ehe | Hüseyin Okur Meta-Beschreibung: Erfahren Sie, wie eine islamische Ehe und Familie harmonisch geführt werden kann. „Ehe und Familie“ von Dr. Hüseyin Okur gibt wertvolle Tipps basierend auf Koran & Sunna. SEO-Keywords: Ehe im Islam, islamische Ehe, muslimische Familie, Ehe Ratgeber Islam, Hüseyin Okur, Eheprobleme lösen, Familienleben Islam, Kindererziehung Islam",Books,"Deutsch. Deutsche Bücher  Bücher auf Deutsch. Deutsche Bücher  Kinderbücher auf deutsch, Deutsche Bücher  Bücher auf Deutsch",Erol Medien Verlag,150,https://semerkandonline.com/products/ehe-und-familie-copy,Dr. Hüseyin Okur,160,Hardcover,"13,5 x 21 cm"
Der Kleine Muslim I 4 Bücher Set,"Kurze Produktbeschreibung: Die liebevoll gestaltete Kinderbuchreihe „Der Kleine Muslim“ lädt Kinder dazu ein, die Grundlagen des Islam auf spielerische und verständliche Weise zu entdecken. Jedes Buch vermittelt zentrale Themen wie Gebete, Glaubensgrundlagen, die Säulen des Islam und den Umgang mit Mitmenschen. Perfekt für Familien, die ihren Kindern Werte und Wissen rund um ihre Religion näherbringen möchten. Lange Produktbeschreibung: Faszinierende Entdeckungsreise in den Islam – Spielerisch, liebevoll, lehrreich Die Buchreihe „Der Kleine Muslim“ ist ein idealer Begleiter für Kinder, die mehr über ihre Religion erfahren möchten. Mit fröhlichen Illustrationen und verständlichen Texten erklärt die Reihe wichtige islamische Themen auf kindgerechte Weise: „Ich lerne Du’as“ : Kinder lernen, wie sie durch Bittgebete (Du’as) ihre Wünsche und Bitten an Allah richten können und wie Allah ihnen im Leben beisteht. „Ich lerne meine Religion“ : Dieses Buch vermittelt, wie wichtig ein gutes Verhältnis zu Mitmenschen ist, sei es in der Familie, in der Moschee oder im Alltag. „Ich lerne den Islam“ : Kinder erfahren, was die Säulen des Islam sind und warum diese Gebote so essenziell für ein gutes Leben sind. „Ich lerne die Glaubensgrundlagen“ : Die Glaubenspfeiler des Islam – von Allah über den Propheten Muhammed bis hin zu den Offenbarungsschriften – werden kindgerecht erklärt. Warum ist diese Reihe wichtig? Diese Bücher wecken auf sanfte Weise das Interesse der Kinder am Islam und inspirieren sie, ihre Beziehung zu Allah zu stärken. Gleichzeitig werden Werte wie Respekt, Dankbarkeit und Mitgefühl vermittelt. Für wen ist diese Buchreihe geeignet? Perfekt für Kinder im Alter von 4 bis 10 Jahren, sowohl als Einstieg in den Islam als auch zur Vertiefung ihres Wissens. Ideal für Familien, Moscheen, islamische Schulen oder als Geschenk. Hochwertige Verarbeitung Die Bücher sind im handlichen Softcover-Format und mit kindgerechten Illustrationen gestaltet. Sie haben jeweils 15 Seiten und sind leicht und robust, sodass sie auch im Alltag problemlos genutzt werden können. SEO-Titel: „Der Kleine Muslim – Kindgerechte Bücher über Islam und Glauben | Jetzt entdecken!“ Meta-Beschreibung: „Die Kinderbuchreihe ‚Der Kleine Muslim‘ erklärt spielerisch islamische Grundlagen wie Gebete, Glaubenspfeiler und gute Werte. Perfekt für Kinder ab 4 Jahren! Jetzt kaufen!“ SEO-Keywords: Kinderbücher Islam, islamische Kinderbücher, Glaubenspfeiler Islam, Du’a lernen Kinder, Säulen des Islam, Kindergebete, muslimische Werte, Softcover Bücher.",Books,"Deutsch. Deutsche Bücher  Bücher auf Deutsch. Deutsche Bücher  Kinderbücher auf deutsch, Deutsche Bücher  Bücher auf Deutsch, Nicht vorrätig, Out of stock",Erol Medien Verlag,100,https://semerkandonline.com/products/der-kleine-muslim-i-kinderbuecher-set,Sad?k Abdurrahman Nur,4 Bücher x 15 Seiten,Softcover,20 x 20 cm
El Minhacüs Seni | Adab? ?eyh Seyyid Abdülhakim Elhüseyni (Türkçe),El Minhacüs Seni | Adab? ?eyh Seyyid Abdülhakim Elhüseyni ?slâm tarihi boyunca tasavvufu konu alan birçok eser kaleme al?nm??t?r. Her dönemde farkl? sebeplerle bu eserlere ihtiyaç duyulmu?tur. Bu eserlerden biri Nak?ibendiyye tarikat?n?n âdâp ve erkân?n? ele alan ?eyh Fethullah Verkânisî’nin [kuddise s?rruhû] Âdâbü’t-Tarîkati’n-Nak?ibendiyye adl? eseridir. ?ki as?r önce kaleme al?nan k?ymetli eser. günümüz için hayli k?sa ve muhtasard?r. ?eyh Seyyid Abdülbâki el-Hüseynî’nin [kuddise s?rruhû] Arapça ve Türkçe olarak haz?rlad??? el-Minhâcü’s-Senî Âdâb-? ?eyh Seyyid Abdülhakîm el-Hüseynî adl? bu k?ymetli eser ise tasavvuf. sûfîlik. Nak?ibendiyye tarikat? ve âdâb?na dair kapsaml? bilgilere yer veriyor. Bu âdâp ve erkân?n Kur’an-? Kerim. Sünnet-i Seniyye ve büyüklerin sözlerinden delillerini aç?kl?yor. Ayr?ca eser. hakk? bât?ldan ay?rmak ve tasavvufun muhafazas? için tasavvuf. Nak?ibendiyye tarikat? ve sûfî büyüklere yönelik iddia ve ithamlara; özellikle günümüzde tasavvuf hakk?nda zihinlerde olu?an birçok soruya cevap veriyor. Cevaplar. Kur’an-? Kerim ve Sünnet-i Seniyye; f?k?h. hadis. kelâm. tefsir âlimleri ve tasavvuf büyüklerinin sözleri ile delillendiriliyor. Toplamda yedi bölümden olu?an bu eser. tasavvuf ve sûfîlik kavramlar?. Nak?ibendiyye tarikat? ve özellikleri. tevessül. mür?id ve mürid hukuku. râb?ta. zikir ve hatm-i hâcegân. teberrük ve kabir ziyareti gibi tasavvufî konular? ele al?yor. Ayr?ca eserde hatm-i hâcegân?n k?sa ?erhi ile birlikte farz namazlardan sonraki tesbihat?n hikmet ve faydalar? hakk?nda detayl? bilgiler veriliyor. Eserin son bölümünde ise ?eyh Seyyid Abdülbâki el-Hüseynî’nin [kuddise s?rruhû] sevenlerine ve bütün müminlere nasihatleri yer al?yor. Eser. günümüz okurunun anlayabilece?i sadelik ve ak?c?l?k ile ihtiyaç duyulan tasavvufî kelime ve kavramlar? daha anla??l?r hale getiriyor. Teknik Özellikler; Sayfa Say?s?: 556 Ebat: 17 x 24 cm Dil: Türkçe Cilt Tipi: Termo Deri - Yald?z ??lemeli Ka??t Tipi: Ivory Ka??t,Books,"Gavsi Sani, Tasavvuf",Semerkand Yay?nlar?,390,https://semerkandonline.com/products/turkce-el-minhacus-seni-adabi-seyh-seyyid-abdulhakim-elhuseyni,,,,
Die Pforte der Reue,"Kurze Beschreibung: Ein Buch für alle, die den Weg zu innerem Frieden suchen. „Die Pforte der Reue“ führt den Leser mit spirituellen Lehren und Weisheiten zurück zu Allah, inspiriert zur Selbstreflexion und hilft, die Triebseele zu überwinden. Perfekt für Suchende, die ihre Beziehung zum Schöpfer stärken wollen. Lange Beschreibung: Entdecken Sie „Die Pforte der Reue“ – ein spirituelles Meisterwerk für Ihr Herz und Ihre Seele! Jeder Mensch trägt die Last von Fehlern und Sünden. Doch Allahs Barmherzigkeit ist unendlich, und wahre Reue ist der Schlüssel zur Befreiung. Dieses Buch beschreibt den ersten Schritt auf dem göttlichen Pfad – die aufrichtige Hinwendung zu Allah. Lernen Sie, Ihre Triebseele zu kontrollieren, und transformieren Sie sich von einem Suchenden zu einem „Wali“, einem Freund Gottes. Mit tiefgründigen Lehren und inspirierenden Beispielen zeigt „Die Pforte der Reue“, wie ein Mensch durch Reue und Hingabe den Weg zu innerem Frieden findet. Dieses Buch richtet sich an alle, die sich spirituell weiterentwickeln möchten und eine tiefere Verbindung zu ihrem Schöpfer suchen. Mit hochwertigen Materialien und einem stilvollen Softcover-Design ist es nicht nur ein Leitfaden, sondern auch ein wunderschönes Geschenk für Ihre Lieben. SEO-Titel : Die Pforte der Reue – Spiritueller Leitfaden für innere Transformation Meta-Beschreibung : Entdecken Sie spirituelle Weisheiten und lernen Sie die Kraft der Reue kennen. „Die Pforte der Reue“ hilft Ihnen, Ihre Beziehung zu Allah zu stärken. SEO-Keywords : spirituelle Bücher, Sufismus, Reue, Allah, Tasawwuf, Selbstreflexion, innere Ruhe, Islamische Weisheiten",Books,"Deutsch. Deutsche Bücher  Bücher auf Deutsch. Deutsche Bücher  Kinderbücher auf deutsch, Deutsche Bücher  Bücher auf Deutsch",Erol Medien Verlag,130,https://semerkandonline.com/products/die-pforte-der-reue,Siraceddin Önlüer,240 Seiten,Softcover,17 x 24 cm
Prophetengeschichten für Kinder - 10 Bücher im Set,"Spannende Prophetengeschichten aus dem Koran für Kinder erzählt und illustriert. Die Serie besteht aus 10 Heften á 24 Seiten. Diese nicht nur für muslimische Kinder interessante Reihe führt die ereignisreichen Höhepunkte aus den Lebensgeschichten der Propheten entsprechend der koranischen Erzählungen auf. Durch die Lektüre dieser Reihe empfinden die Kinder die Strapazen der Propheten auf dem Weg der Verkündigung des Glaubens nach. Allah erzählte diese Geschichten im Koran, damit der Prophet Muhammed (s) bei der Vermittlung der Offenbarung der Verse die Hoffnung nicht verliert und sich nicht allein fühlt. Für ihn spendeten sie Trost und Zuversicht im Laufe der Jahre, wenn er nicht mehr weiter wusste und göttlichen Beistand brauchte. Für Kinder übernehmen die Propheten auf dem Wege des Erwachsenwerdens die Aufgabe der Vorbilder, die ein Leben in Frieden mit sich selbst und Gott darbieten. Die Geschichten folgender Propheten werden in dieser Reihe erzählt: Adem (a.s.) Nuh (a.s.) Ibrahim (a.s.) Yusuf (a.s.) Eyyup (a.s.) Musa (a.s.) Dawud (a.s.) Suleyman (a.s.) Yunus (a.s.) Isa (a.s.) Autor der türkischen Originalausgabe: Özkan Öze Redaktion: Dr. Ahmet Inam Übersetzung aus dem Türkischen: Mehmet Çevik Illustrationen: Sevgi Içigen Design/Layout: Güven Günes Seiten: 24 * 10 Hafte ISBN: 978-3-946689-73-7 Erscheinungsjahr: 2019 Größe: 16,5 * 22 cm Sprache: Deutsch Altersfreigabe: ab 5 Jahren Preis: 14,90 € (10 Hefte)",Books,"ditib, Kinder und Jugend Bücher  Kinderbücher ab 6 - 7, Siyer",ditibverlag,149,https://semerkandonline.com/products/prophetengeschichten-fur-kinder-10-bucher-im-set,,,,
Kad?n ve Aile ?lmihali | Dilaver Selvi,"KADIN VE AiLE iLMiHALi Kad?n ve Aile Ilmihali. aile sorunlar?n? Islam’?n sevgi düsturuna dayal? olarak asman?n
yollar?n? gösteriyor. ” Evliligin anlam?. es seçiminde dikkat edilecek hususlar. nikah?n
getirdigi hak ve sorumluluklar. cinsel ve özel hayat. kad?nlar?n özel halleri. örtünmeleri
ve sosyal hayatta kars?last?klar? s?k?nt?lar. çocuk egitiminde ebeveyn faktörü. kad?n
erkek esitligi .okuyan kad?nlardan korkulur mu "" gibi güncel konular islami hükümlerle
pratik olarak aç?klan?yor. Çag?m?z?n getirdigi degisimler sonucu ak?llara tak?lan sorular
cevaplan?yor.
K?saca bu eserde f?k?hla ibret. hükümle hikmet. delille örnek iç içe islenerek konular yeni
bir tarzda okuyucuya sunuluyor. Teknik Özellikler; Sayfa Say?s?: 464 Ebat: 17 X 24 cm Dil: Türkçe Ka??t Tipi: Kitap Ka??d?",Books,F?k?h,Semerkand Yay?nlar?,230,https://semerkandonline.com/products/kadin-ve-aile-i?lmihali-dilaver-selvi,,,,
Gavs? Sani Ks. Özel Bask?,"GAVS-I SAN? ?EYH SEYY?D ABDÜLBAK? el HÜSEYN? (K.S.) ÖZEL BASKI Gavs-? Sani hazretlerinin do?umundan gençli?ine, ilim hayat?ndan hilafetine, güzel ahlak?ndan otuz y?ll?k ir?ad ve hizmetlerine kadar kapsaml? hayat hikâyesi. Nas?l bir talebeydi, nas?l bir hocayd?, nas?l bir aile babas?yd?? ?r?ad? boyunca öncülük etti?i hizmetler nelerdi? Gözünden çok sak?nd??? medreseler… Müridlerinin, sevenlerinin tan?kl?klar?… Her biri hikmet incisi sohbet ve sözleri ile menk?beleri… Arif, veli ve müridlerin k?lavuzu mür?id-i kâmil… Muhabbet ve ilmin sembolü Nak?ibendilik ve Menzil Dergâh? hakk?nda merak edilenler. Gavs-? Sani ?eyh Seyyid Abdülbaki el Hüseyni (kuddise s?rruhu)’ nun kapsaml? hayat hikayesi bu eserde okuyucusu ile bulu?uyor. Teknik Özellikler; Sayfa Say?s?: 128 Ebat: 21 x 28 cm Dil: Türkçe Cilt Tipi: Ciltli",Books,"Einzelausgabe, Gavsi Sani, neuheiten",Semerkand Dergisi,150,https://semerkandonline.com/products/gavsi-sani-ks-ozel-baski,,,,
Ramadan | Der Sultan der elf Monate,"Kurze Beschreibung: Dieses Buch ist die perfekte Begleitung für den heiligen Monat Ramadan. Mit einer Kombination aus Koranversen, prophetischen Überlieferungen und praktischen Fastenregeln bietet es tiefgehendes Wissen und spirituelle Inspiration. Ideal für Muslime, die ihre Gottesdienste vertiefen und die Weisheit des Ramadan vollständig erleben möchten. Lange Beschreibung: Entdecken Sie mit ""Ramadan – Der Sultan der elf Monate"" von Ibrahim Tozlu eine umfassende Anleitung für den Fastenmonat. Dieses Buch führt Sie mit einer Mischung aus spirituellen Lehren und praktischen Ratschlägen durch die wichtigsten Aspekte des Ramadan. Themen wie die Bedeutung der Leyletul-Qadr, die Durchführung des Itikafs und die Sadaqatul-Fitr werden detailliert behandelt. Darüber hinaus finden Sie präzise islamrechtliche Erläuterungen zu den Fastenregeln: Was bricht das Fasten? Welche Umstände erlauben das Fastenbrechen? Wie sollte man sich danach verhalten? Dieses Werk vereint Wissen, Weisheit und praxisnahe Anleitungen und ist somit unverzichtbar für jeden, der den Ramadan bewusster und intensiver erleben möchte. Autor: Ibrahim Tozlu ist ein renommierter islamischer Gelehrter mit einem Abschluss in Islamwissenschaften der Uluda? Universität. Er hat viele Jahre Erfahrung als Lehrer und Autor, insbesondere im Bereich Hadith-Wissenschaften. Seine Werke, darunter Beiträge für die Semerkand-Zeitschrift, sind bekannt für ihre spirituelle Tiefe und klare Struktur. Themen: Das Buch umfasst zentrale islamische Themen: Spirituelle Weisheit des Ramadan Bedeutung von Leyletul-Qadr und Itikaf Detaillierte Fastenregeln und deren islamrechtliche Grundlagen Praktische Ratschläge zur Durchführung des Ramadan Spirituelle Lehren: Dieses Werk bietet Inspiration und Führung, um den spirituellen Wert des Ramadan vollständig zu verstehen und zu erleben. Es zeigt Wege auf, um inneren Frieden zu finden und die Beziehung zu Allah zu stärken. Design und Materialbesonderheiten: Das Buch ist hochwertig gestaltet, mit klarer Typografie und einem handlichen Taschenbuchformat (14 x 18 cm). Die edle Covergestaltung vermittelt den spirituellen Charakter des Inhalts. Technische Details: Sprache: Deutsch Seiten: 176 ISBN-13: 978-3957071590 Abmessungen: 14 x 18 x 1.2 cm Erscheinungsdatum: 1. März 2022 Anwendung und Nutzen: Perfekt für Muslime jeden Alters, die den Ramadan bewusster erleben möchten. Es dient als Ratgeber für persönliche und familiäre Nutzung und kann auch in Gemeinschaften oder Moscheen als Lehrmaterial eingesetzt werden. Zielgruppe: Muslime, die nach einer vertieften Anleitung für den Ramadan suchen, sowie all jene, die mehr über islamische Lehren und deren Praxis erfahren möchten. SEO-Titel: ""Ramadan – Der Sultan der elf Monate | Spirituelle Fastenbegleitung"" Meta-Beschreibung: ""Entdecken Sie 'Ramadan – Der Sultan der elf Monate' von Ibrahim Tozlu. Ein umfassender Ratgeber mit Koranversen, prophetischen Überlieferungen und praktischen Fastenregeln. Perfekt für einen spirituell erfüllten Ramadan."" SEO-Keywords: Ramadan-Buch, islamisches Fasten, spirituelle Bücher, Leyletul-Qadr, Itikaf, Sadaqatul-Fitr, Fastenregeln, Ibrahim Tozlu, Taschenbuch Ramadan, islamische Weisheiten",Books,"Deutsche Bücher  Bücher auf Deutsch, Nicht vorrätig, Out of stock",Erol Medien Verlag,100,https://semerkandonline.com/products/ramadan-der-sultan-der-elf-monate-copy,Ibrahim Tozlu,178,Softcover,14 x 18 x 1.2 cm
Mübarek Gün ve Geceler Etkinlik Paketi,"Mübarek Gün ve Geceler Etkinlik Paketi Bir kutu dü?ünün; içinde rengarenk mahyalar. I??kl? tabelalar. posterler. süslemeler. birbirinden güzel dua kartlan ve sürpriz hediyeler olsun. ?imdi bir kutu daha dü?ünün; ""Nerede o eski Ramazanlar?"" özlemini çoluk çocuk hepimiz için dindirsin. Evlerimize üç aylar ve Ramazan'?n mutlulu?unu doldursun. Mavi Uçurtma yay?nlar?n?n haz?rlad??? ""Ramazan Süsleme Paketleri"" bu mübarek zaman diliminin önemini çocuklanm?za ne?eyle ö?retecek bir içeri?e sahip. Üç aylar ve Ramazan'?n faziletini kalplerimizde hissederken ailece hem e?lenceli hem de e?itici vakit geçirmemizi sa?layacak bu paketlerin içerisinde neler var birlikte bakal?m. Öncelikle. paketlerin bir tanesi evimizi süslemek için. Di?eri. çocuklanm?z?n biz anne babalan ve karde?leri yahut arkada?lar? ile birlikte güzel vakit geçirmeleri için. Mesela çocukluk hat?ralan?n?zda hep tad? kalan ilk oruç. ilk sahur. ilk iftan?n heyecan?n? sat?rlara dökmeyi istemez miydiniz? Pakette yer alan ""Ramazan Günlü?ü"" oruca yeni ba?layan çocuklar?m?z?n duygu ve dü?üncelerini y?llar sonra bile okudu?unda canl? tutabilece?i harika bir hediye. Sevgili Peygamberimizin (aleyhi's- salatu ve's-selam) sözlerini. güzel ahlak?n? anlatan ""Hadis-i ?erif Kartlan"" ise her gün yeniden niyetlerimizi. amellerimizi güzelle?tirmenin yollar?n? çocuklar?m?zla birlikte aramaya. Efendimizin hayat?yla ilgili bilgileri ara?t?rmaya yönlendiren birer hat?rlat?c? niteli?inde. ""Dua Kartlar?"" ise içinden bir tane seçip ailemize. sevdiklerimize. Müslüman karde?lerimize dua etmeyi ö?retecek. çocuklar?m?za dua etmenin önemini anlatacak minik birer vesile. Paketimizin bir di?er güzeli ""?ftar Davetiyesi."" Çocuklanm?z?n arkada?lar? için haz?rlayaca??m?z iftarlara onlar?n güzel dünyas?na hitap eden bir davetiye ile ula?may? hangimiz istemeyiz! ""Harçl?k Kart?"" ve özel haz?rlanm?? ""Hediye Kutu""lar sayesinde çocuklanm?z? özellikle can evinden yakalayacak Ramazan Süsleme Paketlerinin içeri?i saymakla bitmiyor. Üç aylan?n önemini anlatan posterler. balonlar. süslemeler ve birçok sürpriz hediye bu kutularda çocuklanm?z? bekliyor. Siz de geleneksel de?erlerimizi nesilden nesile aktarman?n çocuk kalbine dokunabilen yollar?n? evlatlan?n?za sunmak isterseniz. Ramazan Süsleme Paketlerini mutlaka edinmelisiniz. Mübarek Gün ve Geceler Etkinlik Paketi ?çeri?i; Etkinlikli Ramazan Günlü?ü - 48 sayfa Hadis-i ?erif Kartlar? - 18 kart Dua Kartlar? - 12 kart Kur'an-? Kerim'de ?smi Geçen Hayvanlar - 12 kart Recep. ?aban ve Ramazan Davran?? Afi?leri - 3 afi? Recep. ?aban ve Ramazan Posterleri - 3 poster ?ftar Davetiyesi - 4 adet Harçl?k Kart? - 4 adet Ç?kartmalar - 71 adet Hediye Kutusu - 2 adet Kitap Ayrac? - 10 farkl? tasar?m Rozet - 2 adet Mesajl? Kap? Kolu Süsü - 4 adet / 8 farkl? tasar?m Süsleme Kürdanlar? - 20 adet",Books,Kinder und Jugend Bücher  Jugendbücher ab  11 +,Semerkand Lisansl? Ürünler,250,https://semerkandonline.com/products/mubarek-gun-ve-geceler-etkinlik-paketi,,,,
Leyla und Medschnun,"Kurze Beschreibung: Entdecken Sie die zeitlose Liebesgeschichte von Leyla und Medschnun, neu interpretiert von Nusret Özcan. Dieses Werk verbindet die klassische orientalische Erzählung mit einer modernen Perspektive, voller Leidenschaft, Sinnsuche und spiritueller Tiefe. Ideal für Liebhaber klassischer Literatur und für alle, die in die Gedankenwelt des Orients eintauchen möchten. Lange Beschreibung: ""Leyla und Medschnun"" von Nusret Özcan haucht der bekanntesten Liebesgeschichte des Orients neues Leben ein. Diese berührende Erzählung folgt Leyla und Medschnun auf ihrer Reise voller Liebe, Trennung, Einsamkeit und Hoffnung. Eingebettet in den kulturellen Kontext des 7. Jahrhunderts, nimmt das Buch den Leser mit auf eine Karawanenreise durch die Gedankenwelt arabischer Wüstenbewohner. Die Geschichte ist mehr als nur eine Romanze: Sie ist eine Sinnsuche, eine spirituelle Reise und ein Symbol für die Verbindung zwischen Mensch und Göttlichem. Nusret Özcan interpretiert dieses Erbe des Orients mit einem modernen Blickwinkel und schafft ein Werk, das die Herzen der Leser berührt. Mit 382 Seiten und einem hochwertigen Softcover bietet dieses Buch nicht nur geistige, sondern auch ästhetische Inspiration. Ein Muss für Liebhaber von Literatur, die Kultur, Spiritualität und universelle Menschlichkeit vereint. Produktkategorie: Buch, Literatur, Klassische Erzählungen Hauptmerkmale: Titel: Leyla und Medschnun Autor: Nusret Özcan ISBN: 978-3-95707-195-8 Seitenanzahl: 382 Seiten Einband: Softcover Erscheinungsjahr: 2023 Verlag: Erol Medien GmbH Sprache: Deutsch Design und Verarbeitung: Hochwertiges Softcover mit eleganter, floraler Covergestaltung von Fatih Ayd?n. Angenehmes Lesedesign durch klares Layout und hochwertiges Papier. Anwendung und Nutzen: Dieses Buch eignet sich perfekt als Geschenk für Literaturbegeisterte, als Begleiter für ruhige Lesestunden oder zur eigenen spirituellen und emotionalen Bereicherung. Zielgruppe: Liebhaber klassischer Literatur. Leser, die sich für orientalische Kultur und Philosophie interessieren. Spirituell Suchende, die sich mit Themen wie Liebe, Gottessuche und Sinnsuche beschäftigen. Technische Details: Maße: Standardgröße eines Romans. Gewicht: Leicht, ideal für unterwegs. Lieferumfang: Ein Buch, sorgfältig verpackt. SEO-Titel: Leyla und Medschnun – Klassische orientalische Liebesgeschichte von Nusret Özcan Meta-Beschreibung: Entdecken Sie die spirituelle Liebesgeschichte von Leyla und Medschnun, neu interpretiert von Nusret Özcan. 382 Seiten voller Leidenschaft, Sinnsuche und Hoffnung. Jetzt für 10,00 EUR bestellen! SEO-Keywords: Leyla und Medschnun, Nusret Özcan, klassische Literatur, orientalische Erzählung, spirituelle Bücher, Sinnsuche, Liebesgeschichte, Softcover Buch",Books,"Deutsch, Deutsch. Deutsche Bücher  Bücher auf Deutsch. Deutsche Bücher  Kinderbücher auf deutsch, Deutsch. Deutsche Bücher  Bücher auf Deutsch. Deutsche Bücher  Kinderbücher auf deutsch. Kinder und Jugend Bücher  Kinderbücher ab 6 - 7, Deutsche Bücher  Bücher auf Deutsch, neuheiten",Erol Medien Verlag,150,https://semerkandonline.com/products/leyla-und-medschnun,"Özcan, Nusret",382,Softcover,"21 cm x 13,5 cm"
Ezkar Dua ve Zikirler 1-2 | ?mam Nevevi,"EZKÂR DUA VE Z?K?RLER 1-2 13. yüzy?l?n büyük sûfî âlimlerinden ?mam Nevevî [rahmetullahi aleyh] taraf?ndan kaleme al?nan bu eser. uykuya yatarken. uykudan kalkarken. sabah-ak?am. namazlardan sonra ve birbirini takip eden benzeri durumlarda ve zamanlarda Resûlullah’?n [sallallahu aleyhi vesellem] yap?lmas?n? tavsiye etti?i zikir ve dualar hususunda önemli bilgiler veren de?erli bir çal??mad?r. Muhammed Dan??man’?n tercüme etti?i ve ba?ucu eser niteli?indeki ""el-Ezkâr” Semerkand Yay?nlar?’nda… Teknik Özellikler: Sayfa Say?s?: 1060 Ebat: 17 X 24 cm Dil: Türkçe Cilt Tipi: Ciltli Ka??t Tipi: Kitap Ka??d?",Books,Dua ve Salavat,Semerkand Yay?nlar?,460,https://semerkandonline.com/products/ezkar-dua-ve-zikirler-1-2-i?mam-nevevi,,,,
Delailül Hayrat Aç?klamal? Büyük Boy | Süleyman El-Cezuli,"AÇIKLAMALI DELÂ?LÜ'L HAYRAT Bir gece Süleyman el-Cezûli hazretlerinin han?m? yata??ndan kalkar. ortal?ktan kaybolur. Bir süre sonra geri döndü?ünde Süleyman el-Cezûli ile han?m? aras?nda ?öyle bir konu?ma geçer: Gece vakti böyle kalk?p nereye gidiyorsun? Medine-i Münevvere'ye Allah Resulü'nü ziyaret etmeye gidiyorum. Peki böyle mübarek bir yolculuk için manevi dereceyi nas?l elde ettin? Öyle kutlu bir salâvat-? ?erifeyi bana da ö?retir misin? Hay?r. bunu ö?retmeme izin yok. Fakat sen bütün salâvat-? ?erifeleri bir araya getir. e?er onlar?n içinde varsa o
salâvat-? ?erifeyi de okumu? olursun. Bunun üzerine Süleyman el-Cezûli hazretleri büyük bir çal??ma sonucu Müslümanlar aras?nda okunan bütün salâvat-? ?erifeleri toplar. bir kitap haline getirir. Kitab? han?m?na okudu?u zaman han?m? tebessüm ederek: Kitab?n?z?n birkaç yerinde vard?r. der. ??te Delâil-i Hayrat adl? kitap o kitapt?r. Yay?nevimiz. Hz. Peygamber (s.a.v) Efendimiz'in yâd etmenin. O'na salâvat-? ?erife okuman?n bereketiyle manevi hay?rlar murad eden okuyucular?na takdim eder. Teknik Özellikler; Sayfa Say?s?: 240 Ebat: 14 X 24 cm Dil: Türkçe Cilt Tipi: Karton Ka??t Tipi: Kitap Ka??d?",Books,Dua ve Salavat,Semerkand Yay?nlar?,160,https://semerkandonline.com/products/delailul-hayrat-aciklamali-buyuk-boy-suleyman-el-cezuli,,,,
Ahmet Lernt Die Islamischen Glaubensgrundlagen 6 Bücher Set,"Kurze Produktbeschreibung: Entdecken Sie die Kinderbuchreihe „Ahmet lernt die islamischen Glaubensgrundsätze“! Diese 6-teilige Softcover-Serie erklärt auf einfühlsame Weise die wichtigsten Glaubensgrundsätze des Islam – von Allahs Einheit bis zur göttlichen Vorherbestimmung. Ideal für Kinder ab 8 Jahren, die spielerisch ihren Glauben entdecken und vertiefen möchten. Lange Produktbeschreibung: Ahmet lernt die islamischen Glaubensgrundsätze – eine einzigartige Kinderbuchreihe, die den islamischen Glauben verständlich, anschaulich und mit viel Liebe vermittelt. In sechs liebevoll illustrierten Bänden begleitet Großvater Ahmet seinen Enkel auf einer Reise durch die zentralen Glaubensgrundlagen des Islam: Der Glaube an Allah Ahmet entdeckt die Einheit und Einzigartigkeit Allahs. Dieses Buch fördert die Liebe und das Vertrauen der Kinder zu ihrem Schöpfer. Der Glaube an die Engel Spannend und kindgerecht werden die Aufgaben und Eigenschaften der Engel erklärt. Der Glaube an die göttlichen Bücher Die Bedeutung der Offenbarungsschriften wird hervorgehoben, besonders die Liebe zum edlen Quran. Der Glaube an die Propheten Kinder lernen die besonderen Eigenschaften und die wichtige Rolle der Propheten im Islam kennen. Der Glaube an das Jenseits Eine sanfte Einführung in das Leben nach dem Tod, die Kinder für dieses Thema sensibilisiert. Der Glaube an Qader und Qada Hier wird auf die göttliche Vorherbestimmung eingegangen und den Kindern erklärt, dass alles Gute und Schlechte aus Allahs Erlaubnis geschieht. Warum ist diese Buchreihe besonders? Die Bücher sind speziell für Kinder ab 8 Jahren gestaltet, mit farbenfrohen Illustrationen und leicht verständlichen Texten. Sie fördern nicht nur das Wissen, sondern auch die spirituelle Verbindung und die Liebe zu den Grundsätzen des Islam. Ein ideales Geschenk für Eltern, Lehrer und alle, die Kinder auf ihrem Glaubensweg begleiten möchten. Produktkategorie: Kinderbücher (islamische Inhalte) Hauptmerkmale: 6-teilige Buchreihe, Softcover, farbenfroh illustriert, geeignet für Kinder ab 8 Jahren Design und Verarbeitung: Hochwertige Softcover-Bände, 96 Seiten pro Buch, liebevolle Illustrationen Anwendung und Nutzen: Lehrreich und unterhaltsam – ideal zur Einführung in die islamischen Glaubensgrundsätze Zielgruppe: Kinder ab 8 Jahren, Eltern, Lehrer, islamische Schulen Technische Details: ISBN-13: 978-3-95707-143-9 Größe: 27 cm x 20 cm Erscheinungstermin: Juni 2023 SEO-Titel: „Ahmet lernt die islamischen Glaubensgrundsätze – 6-teilige Kinderbuchreihe“ Meta-Beschreibung: „Liebevoll illustrierte Kinderbuchreihe, die die islamischen Glaubensgrundsätze vermittelt. Perfekt für Kinder ab 8 Jahren. Jetzt entdecken und lernen!“ SEO-Keywords: „islamische Kinderbücher, Glaubensgrundsätze Islam, Bücher für Kinder, Ahmet Buchreihe, islamische Erziehung, Quran für Kinder“",Books,"Deutsch. Deutsche Bücher  Bücher auf Deutsch. Deutsche Bücher  Kinderbücher auf deutsch, Deutsche Bücher  Bücher auf Deutsch",Erol Medien Verlag,150,https://semerkandonline.com/products/ahmet-lernt-die-islamischen-glaubensgrundlagen-6-b,Ahmet Efe,6 Bücher x 16 Seiten,Softcover,27 x 20 cm
Fethur Rabbani | ?eyh Abdülkadir Geylani,"Fethu'r Rabbânî | ?eyh Abdülkâdir Geylânî Semerkand Yay?nlar?ndan tercüme edilen ölümsüz eser, hem çeviri dili hem de tasar?m? yönüyle dikkat çekiyor. Tasavvuf Klasikleri serisinden ç?kan Fethu'r-Rabbânî adl? eserde; iman, tevhid, kadere teslim olmak, nefisle mücadele, edeb, mürid mür?id ili?kisi, dünya hayat?na aldanmamak, insan? kemale ula?t?racak davran??lar, nefis ve ?eytan?n oyunlar?ndan hususlar, kalbi ve temizley ip ar?nd?racak ilaçlar, do?ru bir inanca sahip olma yolunda at?lacak ad?mlar, tasavvufun Incelikleri, ahlâk?n güzelle?tirilmesi, ibadetlerin ?uurla yap?lmas? gibi daha pek çok konu do?rudan do?ruya hitap cümleleriyle en etkili biçimde i?lenmektedir. Kitap Hakk?nda; Ço?unu medresede, bir k?sm?n? da ribatta yapt??? sohbetlerin müridleri notlar halinde kayda geçirilmesiyle meydana gelmi?tir. Altm?? iki meclisten olu?an eserin sonunda vefat?ndan bahseden k?sa bir ek vard?r. Büyük veli ?eyh Abdülkadir-i Geylânî'nin (ks) tasavvufî me?rebinin ve yakla??m?n?n da derli toplu bir ?ekilde görüldü?ü bu eserde; iman, kadere teslim olmak, dünya hayat?na aldanmamak, insan? kemale ula?t?racak davran??lar, nefis ve ?eytan?n oyunlar?ndan kurtaracak hususlar, do?ru bir inanca sahip olma yolunda at?lacak ad?mlar, ibadetlerin ?uurla yap?lmas? Daha pek çok konu do?rudan do?ruya hitap cümleleriyle en etkili biçimde i?lenmektedir. ?çindekiler; ?eyh Abdülkadir-i Geylani'nin (ks) Hayat? ?eyh Abdülkadir-i Geylani'nin (ks) Yeti?mesi ?eyh Abdülkadir-i Geylani'nin (ks) ?limdeki Üstünlü?ü ?eyh Abdülkadir-i Geylani'nin (ks) ?emaili ve Ahlak? ?eyh Abdülkadir-i Geylani'nin (ks) Kerametleri Büyük Zatlar?n Onun Hakk?ndaki Sözleri ve ?ahitlikleri Altm?? ?ki Meclisten Olu?an Sohbetleri Teknik Özellikler; Sayfa Say?s?: 528 Maße: 17 x 24 cm Dil: Türkçe Ka??t Tipi: Elfenbein Ka??t Cilt Tipi: Ciltli Sert Kapak",Books,"Klasikleri, Menk?be, Sohbet, Tasavvuf",Semerkand Yay?nlar?,300,https://semerkandonline.com/products/fethur-rabbani-seyh-abdulkadir-geylani,Seyyid Abdülkadir Geylani,,,
Elif und Emre lernen unsere Religion 5 Bücher Set,"Kurze Beschreibung: Tauchen Sie mit Elif und Emre in die Welt der fünf Säulen des Islams ein! Dieses wunderschön illustrierte 5-Bücher-Set erklärt Kindern ab 8 Jahren auf einfache und spannende Weise die Grundlagen ihrer Religion. Ideal für die ganze Familie, um Werte zu entdecken und gemeinsam den Glauben zu stärken. Lange Beschreibung: Entdecken Sie die faszinierende Welt der fünf Säulen des Islams mit Elif und Emre , zwei neugierigen Kindern, die mit ihrer Familie und Freunden Alltagsfragen rund um den Glauben beantworten. Dieses liebevoll gestaltete 5-Bücher-Set nimmt Kinder ab 8 Jahren mit auf eine spannende Reise voller Weisheit und Geschichten, die ihre Religion lebendig machen. Inhalt und Hauptmerkmale: Band 1: Schehadeh – Das Glaubensbekenntnis : Erfahren Sie, was es bedeutet, an Allah und seinen Gesandten zu glauben. Band 2: Salah/Namaz – Das Gebet : Ein Leitfaden, wie und warum Muslime beten. Band 3: Sawm/Oruç – Das Fasten : Spielerische Erläuterungen zum Ramadan und der Bedeutung des Fastens. Band 4: Zekah – Die Pflichtabgabe : Lernen Sie die Wichtigkeit von Wohltätigkeit und Mitgefühl kennen. Band 5: Hadsch/Hac – Die Pilgerfahrt : Eine kindgerechte Reise zur heiligen Kaaba. Emotionale Verbindung: Dieses Set bringt nicht nur Wissen, sondern fördert auch den Zusammenhalt in der Familie, da es Kinder und Eltern ermutigt, gemeinsam zu lernen und die Schönheit des Glaubens zu erleben. Die Illustrationen fesseln die Fantasie, während die Geschichten das Verständnis und die Neugier fördern. Für wen geeignet? Perfekt für muslimische Familien, Lehrer oder Bildungseinrichtungen, die Kindern ab 8 Jahren die Grundlagen des Islams spielerisch näherbringen möchten. Autorin: Elif Arslan Illustrationen: Sevgi I?en Verlag: Erol Medien ISBN-13: 978-3-95707-130-9 Format: Mehrteiliges Produkt – 5 x Softcover Seitenanzahl: 80 Seiten pro Buch Größe: 27 x 21 cm Sprache: Deutsch Erscheinungstermin: 18.02.2021 Design- und Materialbesonderheiten: Hochwertige Softcover-Bindung für Kinderhände optimiert Farbenfrohe Illustrationen, die jedes Thema lebendig machen Robustes und langlebiges Material Verwendungszweck: Ideal für den Familienalltag, als Geschenk zu Ramadan oder anderen besonderen Anlässen sowie als Lehrmittel für Kinder. SEO-Titel: „Elif und Emre lernen unsere Religion – 5 Bücher Set für Kinder ab 8 Jahren“ Meta-Beschreibung: Entdecken Sie mit Elif und Emre die Grundlagen des Islams! Dieses liebevoll gestaltete 5-Bücher-Set erklärt Kindern ab 8 Jahren spielerisch die fünf Säulen des Islams – perfekt für Familien und Bildungseinrichtungen. SEO-Keywords: Islamische Kinderbücher, fünf Säulen des Islams, Glaubensbekenntnis, Namaz Gebet lernen, Zekah Pflichtabgabe, Fasten im Ramadan, Hadsch Pilgerfahrt, religiöse Bücher für Kinder, Erol Medien, Softcover Kinderbuch.",Books,"Deutsch. Deutsche Bücher  Bücher auf Deutsch. Deutsche Bücher  Kinderbücher auf deutsch, Deutsche Bücher  Bücher auf Deutsch",Erol Medien Verlag,125,https://semerkandonline.com/products/elif-und-emre-lernen-unsere-religion-5-buecher-set,Elif Arslan,15 Seiten pro Buch,Softcover,27 x 21 cm
